Calculation,Anfis,MLP,Delta
RMSE,0.098258,0.05006,0.048198
MEAN,0.026689,0.021012,0.0056769
MEDIAN,0.016597,0.014986,0.0016119
MAXIMUM,0.85392,0.31535,0.53856
