Calculation,Anfis,MLP,Delta
RMSE1,0.032234,0.0065114,0.025722
RMSE2,0.12263,0.014478,0.10815
RMSE3,0.20506,0.0088016,0.19626
MEAN1,0.026186,0.0043716,0.021815
MEAN2,0.10189,0.0087065,0.093179
MEAN3,0.17126,0.0057318,0.16553
MEDIAN1,0.02146,0.0029209,0.018539
MEDIAN2,0.092806,0.0044167,0.088389
MEDIAN3,0.15695,0.0035266,0.15342
MAXIMUM1,0.12493,0.049969,0.074959
MAXIMUM2,0.36565,0.11404,0.25162
MAXIMUM3,0.47243,0.065835,0.4066
